<?xml version="1.0" encoding="UTF-8"?>
<addon id="plugin.webinterface.ktalk" name="Kodi Talk" provider-name="eip" version="0.2.5">
  <requires>
    <import addon="xbmc.json" version="6.0.0" />
  </requires>
  <extension point="xbmc.webinterface" />
  <extension point="xbmc.addon.metadata">
    <summary lang="en">Kodi Talk - a chat-like webinterface for Kodi</summary>
    <description lang="en">This remote allows you to send links and commands to the Kodi in a chat manner.</description>
    <platform>all</platform>
  </extension>
</addon>
